序号,论文标题,作者,期刊,年份,页码,DOI
180,Ultralong durability of ethanol oxidation reaction via morphological design,"Dongmeng Su, Zhenhui Lam,Yawen Wang, Fei Han, Mengmeng Zhang, Bin Liu*, Hongyu Chen*",Joule,2023,Online,https:// doi.org/10.1016/j.joule.2023.09.008
,,,,,,
,,,,,,
,,,,,,
179,Measuring Solvent Exchange in Silica Nanoparticles with Rotor-based Fluorophore,"Xuejun Cheng, Yingming Pu, Songtao Ye, Xiao Xiao , Xin Zhang, Hongyu Chen*",Advanced Materials,2023,Online,10.1002/adma.202305779
178,Gold nanohexagrams via active surface growth under sole CTAB control,"An Su, Qian Wang, Liping Huang, Yonglong Zheng, Yawen Wang and Hongyu Chen*",Nanoscale,2023,"15(36), 14858-14865",DOI: 10.1039/d3nr03006g
177,Strong Ligand Control for Noble Metal Nanostructures,"Ruixue Xiao, Jia Jia, Ruoxu Wang, Yuhua Feng* and Hongyu Chen*",Accounts of Chemical Research,2023,"56(12),1539-1552","2023, https://doi.org/10.1021/acs.accounts.3c00119"
176,“Liquid-on-Solid Heterogeneous Nucleation for a General Synthesis of Yolk-Shell Nanostructures”,"Huiying Guo, Huai Lin, Zhouling Wu, Ruoxu Wang* and Hongyu Chen*",Chemical Communications,2023,"59(45), 6897-6900",DOI: 10.1039/x0xx00000x
,,,,,,
175,“Engineering the inter-island plasmonic coupling in homometallic Au-Aun core-satellite structures”,"Xiaoying Wu, Xiaoli Tian, Zihe Jiang, Yun Wang, Tingting Jiang, Yuhua Feng*, Zhenglong Zhang*, Hongyu Chen*",Nano Research,2023,"16(7), 10690-10697",https://doi.org/10.1007/s12274-023-5732-9
,,,,,,
174,“A General Method for Precise Chain Assembly of Noble Metal Nanoparticles”  ,"Xudong Peng, Mengmeng Zhang, Feng Xue, Aodi Zhang, Yue Xu,Yi Huang, Hong Wang* and Hongyu Chen*",Materials Chemistry Frontiers,2023,"7(15), 3073-3081",10.1039/d3qm00229b
,,,,,,
173,“Combining the Curvature and Ligand Effects for Regioselective Growth on Au Nano-bipyramids”,"Tingting Jiang, Jianpeng Zong, Yuhua Feng* and Hongyu Chen*",Precision Chemistry,2023,"1(2), 94-99",https://doi.org/10.1021/prechem.2c00008
172,“Chiral Active Surface Growth via Glutathione Control”,"Yonglong Zheng, Qian Wang, Yiwen Sun, Jie Huang, Jin Ji, Zhu-Jun Wang, Yawen Wang*, Hongyu Chen*",Advanced Optical Materials,2023,"11(18), 2202858",DOI: 10.1002/adom.202202858
171,“Regio-selective Growth of Plates on Au Nanorods”,"Mengmeng Zhang, Yuntao Wang, Xudong Peng, Hong Wang*, Hongyu Chen*",Materials Today Chemistry,2023,"30, 101516",DOI10.1016/j.mtchem.2023.101516
170,“A Facile Route to Janus Nanorods via Redox-Assisted Ripening”,"Yiwei Sun, Dongfu Wang, Zhouling Wu, Jie Huang, Hongyu Chen*, Xueyang Liu*",Materials Chemistry Frontiers,2023,"7(4), 728-734",10.1039/d2qm01109c
169,“Inorganic-Organic Coprecipitation: Spontaneous Formation of Enclosed and Porous Silica Compartments with Enriched Biopolymers”,"Xuejun Cheng, Jie Huang, Ruoxu Wang, Yue Xu, Nan Wu, Jie Zhou*, Xueyang Liu*, Hong Wang*, Hongyu Chen*",Nanoscale,2023,"15(5), 2394-2401",10.1039/d2nr05320a
168,“Exploring the Generality of Ligands for Silica-Encapsulated Nanoclusters as SERS Labels”,"Aodi Zhang, Yusai Zhou, Feng Xue, Xudong Peng, Hongyu Chen, Hong Wang*",Journal of Colloid And Interface Science,2023,"635, 43-49",10.1016/j.jcis.2022.12.099
167,“Study of Nanoparticle–Polymer Interactions via the Mechanical Stretching of Surface-Enhanced Raman Scattering Substrates”,"Wenwen Xin, Jie Huang, Qiuxian Chen, Yiwei Sun, Hongyu Chen, Xueyang Liu*",Macromolecular Rapid Communications,2022,2200541,10.1002/marc.202200541
166,“Electrospun Fiber as a Facile Means of Studying Silver Nanowires under Mechanical Stretching”,"Jie Huang, Guangyu He, Yuxiong Hu, Yiwei Sun, Dongfu Wang, Zhu-Jun Wang*, Xueyang Liu*, Hongyu Chen*",Small Science,2022,"3(1), 2200069",https://doi.org/10.1002/smsc.202200069
165,“Aerobic Electrochemical Csp3–N Coupling between Aliphatic Carboxylic Acids and N-heterocycles”,"Ruonan Chen, Hongyan Yuan, Yawen Wang, Hongyu Chen and Yanhua Zhang*",Organometallics,2022,"42(1), 1–5",10.1021/acs.organomet.2c00455
164,“Coalescence of Au–Pd Nanoropes and their Application as Enhanced Electrocatalysts for the Oxygen Reduction Reaction”,"Jialong Yu, Hui Jin, Qian Wang, Xiaoliang Wei, Hongyu Chen and Yawen Wang*",Small,2022,"18(44), 2203458",10.1002/smll.202203458
163,“Self-templating synthesis of Pd4S hollow nanospheres as electrocatalysts for oxygen reduction reaction”,"Qian Wang, Donghui Zhao, Jialong Yu, Lijie Shi, Yawen Wang* and Hongyu Chen*",Nano Research,2022,"16, 2597-2603",10.1007/s12274-022-5052-5
162,“Enhancing the Mechanical Robustness of Gold Nanowire Array via Sulfide-Mediated Growth”,"Dongmeng Su, Zhenhui Lam, Yonglong Zheng, Yawen Wang, Bin Liu* and Hongyu Chen*",Small Structures,2022,"3(7), 2200014",10.1002/sstr.202200014
161,“Serrated Au Nanoplates via the Sharpening Etching Mode”,"Bowen He, Yuntao Wang, Mengmeng Zhang, Yue Xu, Yonglong Zheng, Xi Liu, Hong Wang* and Hongyu Chen*",Chemistry of Materials,2022,"34(18), 8213-8218",10.1021/acs.chemmater.2c01521
160,“In silico Investigation on the Twisting of Gold Nanowires”,"Guangyu He, Ruoxu Wang, Jie Fan, Shi Liu, Hongyu Chen*",Materials Today Communications,2022,"33, 104319",10.1016/j.mtcomm.2022.104319
159,“Exploring the Generality of PVP-Assisted Phase Transfer of Nanoparticles”,"Feng Xue, Aodi Zhang, Xudong Peng, Shiyan Zhou, Guoxu Feng, Hongyu Chen, Hong Wang*",Advanced Materials Interfaces,2022,"9(32), 2201538",10.1002/admi.202201538
158,“Alkynyl ligands-induced growth of ultrathin nanowires arrays” ,"Xi Wang, MD Golam Moula, Guangyu He, Hui Jin, Dongmeng Su, Jianpeng Zong, Yanhua Zhang, Hongyu Chen, Yawen Wang*",Journal of Colloid and Interface Science,2022,"627, 640-649",10.1016/j.jcis.2022.07.049
157,“Controllable synthesis of gold nanoparticle dimers via site-selective growth”,"Mengmeng Zhang‡, Yue Xu‡, Xudong Peng, Hongyu Chen and Hong Wang*",Chemical Communications,2022,"58(57), 7932-7935",10.1039/d2cc00801g
156,“Improving the Photostability of [Ru(bpy)(3)](2+) by Embedment in Silica”,"Jingjing Wang, Shiyan Zhou, Bo Li, Xueyang Liu*, Hongyu Chen, Hong Wang*",ChemPhotoChem,2022,"6(10), e202200124",10.1002/cptc.202200124
155,“Turning Weak into Strong: On the CTAB-Induced Active Surface Growth”,"Yonglong Zheng, Jianpeng Zong, Ting Xiang, Quan Ren, Dongmeng Su, Yuhua Feng, Yawen Wang & Hongyu Chen*",Science China Chemistry,2022,"65(7), 1299-1305",10.1007/s11426-022-1253-7
154,“Understanding the Evolution of Tunable Spiral Threads in Homochiral Au Nano-Screws”,"Shenghao Yang, Hongyan Li, Ruirui Liu, Cheng Wang, Jialong Yu, Shumin Li, Yawen Wang* and Hongyu Chen*",Inorganic Chemistry Frontiers,2022,"9(16), 4136-4141",10.1039/d2qi00396a
153,“From flat to deep concave: an unusual mode of facet control”,"Shenghao Yang, Yonglong Zheng, Guangyu He, Mengmeng Zhang, Hongyan Li, Yawen Wang* and Hongyu Chen*",Chemical Communications,2022,"58(41), 6128-6131",10.1039/d2cc01221a
152,“Tuning Au–Cu Janus Structures through Strong Ligand-Mediated Interfacial Energy Control”,"Xu Fan, Senyuan An, Jia Jia, Wenjia Xu, Xiaoying Wu, Jianpeng Zong, Yun Wang, Hongyu Chen and Yuhua Feng*",Chemistry of Materials,2022,"34(13), 6057-6067",10.1021/acs.chemmater.2c01155
151,“Continuous tuning the wetting growth of Au on Se nanoparticles”,"Shuaipeng Chen, Shuaibin Li, Yun Wang, Quan Ren, Yuhua Feng*, Hongyu Chen",Journal of Colloid and Interface Science,2022,"618(15), 451-461",10.1016/j.jcis.2022.03.058
150,“Monitoring the rapid nanocrystal transformation via trapped intermediates of silica encapsulation”,"Ruoxu Wang, Qian Wang, Huiying Guo & Hongyu Chen*",Science China Materials,2022,"65(7), 1963-1970",10.1007/s40843-021-1930-5
149,“The Patchy Growth Mode: Modulation of the Au-Au Interface via Phenynyl Ligands”,"Jianpeng Zong, Quan Ren, Xiaoli Tian, Ting Xiang, Yuhua Feng and Hongyu Chen*",Science China Materials,2022,"65(6), 1687-1695",10.1007/s40843-021-1942-6
148,“Electrochemical Catalytic Hydrocarbonylation of Arylacetylenes”,"Jiaoyan Zhao, Hongyan Yuan, Ruonan Chen, Hongyu Chen and Yanhua Zhang*",Asian Journal of Organic Chemistry,2022,"11(2), e202100681 (1 of 4)",10.1002/ajoc.202100681
147,“Synthesis of Piperazine Quaternary Ammonium Alkali Catalyst and Its Application in Isocyanate Polymerization”,"Xintong Xu, Weimin Tan*, Mengyuan Ji, Yue Yang, Xingxing Rao, Xinliang Luo, Yanhua Zhang*, Hongyu Chen",Acta Chimica Sinica,2021,"79(9), 1113-1117",10.6023/A21060300
146,“Synthesis of Substrate-bound Seaweed-like Au Nanowires with Amino Silane Coupling Agents”,"Jialong Yu, Weiyu Wang, Shumin Li, Beibei Yu, Hongyu Chen and Yawen Wang*",Chemical Communications,2021,"58(7), 989-992",10.1039/d1cc05081h
145,“Facile Synthesis of Pd and PdPtNi Trimetallic Nanosheets as Enhanced Oxygen Reduction Electrocatalysts”,"Lijie Shi, Qian Wang, Quan Ren, Qian Yang, Donghui Zhao, Yuhua Feng, Yawen Wang*, Hongyu Chen",Small,2021,"18(3), 2103665",10.1002/smll.202103665
144,“Partial Silica Encapsulation of Fe3O4 Nanoparticles in Reverse Emulsion by Internal Energy Modulation”,"Jianpeng Zong, Xiaohui Song, Ruoxu Wang, Wenjia Xu, Weiwei Zhou, ShuaibinLi, Yuhua Feng* and Hongyu Chen*",Chemistry of Materials,2021,"33(21), 8460-8468",10.1021/acs.chemmater.1c02887
143,“In Situ Precise Tuning of Bimetallic Electronic Effect for Boosting Oxygen Reduction Catalysis”,"Junming Zhang, Weichang Xu, Yuan Liu, Sung-Fu Hung, Wei Liu, Zhenhui Lam, Hua Bing Tao, Hongbin Yang, Weizheng Cai, Hai Xiao, Hongyu Chen*, Bin Liu*",Nano Letters,2021,"21(18), 7753-7760",10.1021/acs.nanolett.1c02705
142,“Engineering the Spatial Arrangement of Au−C60 Heterostructures”,"Wenjia Xu, Shuaipeng Chen, Ruixue Xiao, Jianpeng Zong, Yuhua Feng* and Hongyu Chen*",Chemistry of Materials,2021,"33(13), 5268-5275",10.1021/acs.chemmater.1c01360
141,“Designing caps for colloidal Au nanoparticles”,"Xiaoli Tian, Jianpeng Zong, Yusai Zhou, Dapeng Chen, Jia Jia, Shuaibin Li, Xiaochen Dong, Yuhua Feng* and Hongyu Chen*",Chemical Science,2021,"12(10), 3644-3650",10.1039/d0sc05780k
140,“Probing the ligand exchange kinetics of phenynyl-based ligands on colloidal Au nanoparticles”,"Ting Xiang, Jianpeng Zong, Wenjia Xu, Yuhua Feng* and Hongyu Chen*",Materials Chemistry Frontiers,2021,"5(1), 465-471",10.1039/d0qm00612b
139,“Template-less Synthesis of Coded Au Nanowires”,"Xuesong Wu, Hongyan Li, Weiyu Wang, Dongmeng Su, Xi Wang, Xiaolin Tao, Yawen Wang*, Hongyu Chen*",Nano Letters,2021,"21(2), 1156-1160",10.1021/acs.nanolett.0c04678
138,“Noble Metal Nanowire Array as Ethanol Oxidation Electrocatalyst”,"Zhenhui Lam, Cuicui Liu, Dongmeng Su, Huabing Tao, Hsin-Yi Wang, Jiazang Chen, Weichang Xu, Liping Zhang, Yihan Zhu, Lingmei Liu, Yu Han, Hongyu Chen*, Bin Liu*",Nanoscale Advances,2021,"3(1), 177-181",10.1039/d0na00804d
137,“Liquid nanoparticles: manipulating the nucleation and growth of nanoscale droplets”,"Ruoxu Wang, Fei Han, Bo Chen, Lingmei Liu, Shaoyan Wang, Hua Zhang, Yu Han, Hongyu Chen*",Angewandte Chemie-International Edition,2021,"60(6), 3047-3054",10.1002/anie.202012564
136,“On the Exceptionally High Loading of L-Proline on Multi-Wall Carbon Nanotubes”,"Jiafang Xu, Jichao Liang, Sheng Huang, Ge Yang, Keyi Tian, Ruonan Chen, Hongyu Chen and Yanhua Zhang*",Catalysts,2020,"10(11), 1246",10.3390/catal10111246
135,“Ultrasonic Bending of Silver Nanowires Nanowires”,"Qiuxian Chen, Wenwen Xin, Qiaozhen Ji, Ting Hu, Jun Zhang, Cheng Shang, Zhipan Liu, Xueyang Liu*, Hongyu Chen*",ACS Nano,2020,"14(11), 15286–15292",10.1021/acsnano.0c05601
134,“On the Effect of Fe Oleate By-product in Nano-stirbar Synthesis”,"Ting Hu, Qiaozhen Ji, Wen Han Chong, Wenwen Xin, Xueyang Liu* and Hongyu Chen*",Nanoscale,2020,"12(36), 18640-18645",10.1039/d0nr04453a
133,“Scalable and Continuous Preparation of Nano-stirbars by Electrospinning”,"Qiaozhen Ji, Ting Hu, Qiuxian Chen, Wenwen Xin, Xueyang Liu* and Hongyu Chen*",Chemical Communications,2020,"56(79), ‏11767-11770",10.1039/d0cc04408c
132,“Solvent exchange as a synthetic handle for controlling molecular crystals”,"Shaoyan Wang, Zhuangchai Lai, Thu Ha Tran, Fei Han, Dongmeng Su, Ruoxu Wang, Hua Zhang, Hong Wang, Hongyu Chen*",Carbon,2020,"160, 188-195",10.1016/j.carbon.2019.11.028
131,“Continuous Tuning of the Au-Cu2O Janus Nanostructures for Efficient Charge Separation”,"Wenjia Xu, Jia Jia, Ti Wang, Chao Li, Bowen He, Jianpeng Zong, Yawen Wang, Hong jin Fan, Hongxing Xu, Yuhua Feng* and Hongyu Chen*",Angewandte Chemie-International Edition,2020,"59(49), 22246–22251",10.1002/anie.202010613
130,“Precise Dimerization of Hollow Fullerene Compartments”,"Fei Han, Ruoxu Wang, Bo Chen, Yuhua Feng, Huanzhi Liu, Shaoyan Wang, Dongmeng Su, Hua Zhang and Hongyu Chen*",Journal of the American Chemical Society,2020,"142(36), 15396-15402",10.1021/jacs.0c06190
129,“Braiding Ultrathin Au Nanowires into Ropes”,"Yan Lu, Xuejun Cheng, Hongyan Li, Jiali Zhao, Weiyu Wang, Yawen Wang* and Hongyu Chen*",Journal of the American Chemical Society,2020,"142(24), 10629–10633",10.1021/jacs.0c03445
128,“Fine-tuning the Homometallic Interface of Au-on-Au Nanorods and their Photothermal Therapy in NIR-II Window”,"Jia Jia, Gongyuan Liu, Wenjia Xu, Xiaoli Tian, Shuaibin Li, Fei Han, Yuhua Feng*, Xiaochen Dong* and Hongyu Chen*",Angewandte Chemie-International Edition,2020,"59(34), 14443-14448",10.1002/anie.202000474
127,“Multiplexed SERS Barcodes for Anti-counterfeiting”,"Yusai Zhou, Gui Zhao, Jingming Bian, Xiaoli Tian, Xuejun Cheng, Hong Wang* and Hongyu Chen*",ACS Applied Materials & Interfaces,2020,"12(25), 28532–28538",10.1021/acsami.0c06272
126,"“Carboxylation of α, β-Unsaturated Ketones by CO2 Fixation through Photoelectro-chemistry”","Ruonan Chen, Keyi Tian, Da He, Tianyue Gao, Ge Yang, Jiafang Xu, Hongyu Chen, Dunwei Wang* and Yanhua Zhang*",ACS Applied Energy Materials,2020,"3(6), 5813-5818",10.1021/acsaem.0c00728
125,“Controllable Syngas Production on Gold Nanowires/Nickel Foam”,"Ge Yang, Weichang Xu, Keyi Tian, Dongmeng Su, Jiafang Xu, Hongyu Chen* and Yanhua Zhang*",Journal of Colloid and Interface Science,2020,"579, 290-296",10.1016/j.jcis.2020.06.062
124,“Direct Silica Coating of Drug Crystals for Ultra-high Loading”,"Neng Wang, Weiwei Zhou, Miao Yan, Mengmeng Zhang, Hong Wang* and Hongyu Chen*",Nanoscale,2020,"12(9), 5353-5358",10.1039/c9nr10225f
123,"“Catalysts in electro-, photo- and photoelectrocatalytic CO2 reduction reactions”","Yawen Wang*, Da He, Hongyu Chen and Dunwei Wang*",Journal of Photochemistry and Photobiology C: Photochemistry Reviews,2019,"40, 117-149",10.1016/j.jphotochemrev.2019.02.002
122,“Solution Synthesis of Helical Gold Nanowire Bundles”,"Xiaolin Tao‡, Hongyan Li‡, Beibei Yu, Xuesong Wu, Yan Lu, Yawen Wang* and Hongyu Chen*",Nanoscale,2019,"11(42), 19729-19735",10.1039/c9nr04838c
121,“Facile synthesis of ultrathin Pt-Pd nanosheets for enhanced formic acid oxidation and oxygen reduction reaction”,"Qian Yang, Lijie Shi, Beibei Yu, Jun Xu, Cong Wei, Yawen Wang* and Hongyu Chen*",Journal of Materials Chemistry A,2019,"7(32), 18846-18851",10.1039/c9ta03945g
120,“Understanding photoelectrochemical kinetics in a model CO2 fixation reaction”,"Bingju Zhong‡, Da He‡, Ruonan Chen, Tianyue Gao, Yuanxing Wang, Hongyu Chen, Yanhua Zhang* and Dunwei Wang*",Physical Chemistry Chemical Physics,2019,"21(32), 17517-17520",10.1039/c9cp03541a
119,“Tandem Self-Assembly of Block Copolymer: From Vesicles to Stacked Bowls”,"Xiaoqing Wang, Songlin Liu, Shida Cao, Fei Han, Hong Wang* and Hongyu Chen*",Macromolecules,2019,"52(17), 6698−6703",10.1021/acs.macromol.9b01341
118,“A general approach for encapsulating nanoparticles by polystyrene-block-poly(acrylic acid) shell in colloidal”,"Sichen Feng, Xiaohui Song, Qingchi Xu*, Xiaoshuang Shen, Jun Xu* and Hongyu Chen",Journal of Physics and Chemistry of Solids,2019,"135, 109019",10.1016/j.jpcs.2019.05.016
117,“A New Type of Capping Agent in Nanoscience: Metal Cations”,"Jiawei Liu, Shaoyan Wang, Kai Cai, Yefei Li, Zhipan Liu, Lingmei Liu, Yu Han, Hong Wang, Heyou Han* and Hongyu Chen*",Small,2019,"15(18), e1900444",10.1002/smll.201900444
116,“Ag nanoframes: controllable reduction of AgClxBr1-x nanocubes”,"Jiali Zhao, Xuejun Cheng, Gui Zhao, Yan Lu, Yawen Wang, Hong Wang* and Hongyu Chen*",Chemical Communication,2019,"55(39), 5571-5574",10.1039/c9cc02240f
115,“Self-Healing of Polarizing Films via the Synergy between Gold Nanorods and Vitrimer”,"Gui Zhao, Yusai Zhou, Jiayi Wang, Zhonghua Wu, Hong Wang* and Hongyu Chen*",Advanced Materials,2019,"31(18), 1900363",10.1002/adma.201900363
114,“On Demand Synthesis of Hollow Fullerene Nanostructures”,"Fei Han, Ruoxu Wang, Yuhua Feng, Shaoyan Wang, Lingmei Liu, Xinghua Li, Yu Han and Hongyu Chen*",Nature Communications,2019,"10, 1548",10.1038/s41467-019-09545-8
113,“Two-dimensional C60 nano-meshes via crystal transformation”,"Yilong Lei‡, Shaoyan Wang‡, Zhuangchai Lai, Xin Yao, Yanli Zhao, Hua Zhang and Hongyu Chen*",Nanoscale,2019,"11(18), 8692-8698",10.1039/c8nr09329f
112,“Gold nanospirals on colloidal gold nanoparticles”,"Beibei Yu, Qian Yang, Hongyan Li, Zhenzhong Liu, Xiao Huang, Yawen Wang*, Hongyu Chen*",Journal of Colloid and Interface Science,2019,"533, 304-310",10.1016/j.jcis.2018.08.065
111,“Nanocarriers and Their Loading Strategies”,"Neng Wang, Xuejun Cheng, Nan Li, Hong Wang*, Hongyu Chen*",Advanced Healthcare Materials,2018,"8(6), e1801002",10.1002/adhm.201801002
110,“Construction of Long Narrow Gaps in Ag Nanoplates”,"Tao Jiang, Gang Chen, Xiaoli Tian, Shiwei Tang, Jun Zhou, Yuhua Feng* and Hongyu Chen*",Journal of the American Chemical Society,2018,"140(46), 15560-15563",10.1021/jacs.8b06969
109,“A general approach for encapsulating organic crystals in a polyaniline shell”,"Miao Yan, Neng Wang, Bingju Zhong, Xuejun Cheng, Hong Wang*, Hongyu Chen*",Nanoscale,2018,"10(45), 21001-21005",10.1039/c8nr07284a
108,“Controllable oligomerization: defying step-growth kinetics in the polymerization of gold nanoparticles”,"Xuejun Cheng, Gui Zhao, Yan Lu, Miao Yan, Hong Wang*, Hongyu Chen*",Chemical Communications,2018,"54(56), 7746-7749",10.1039/c8cc03424a
107,“Transformable Masks for Colloidal Nanosynthesis”,"Zhenxing Wang, Bowen He, Gefei Xu, Guojing Wang, Jiayi Wang, Yuhua Feng, Dongmeng Su, Bo Chen, Hai Li, Zhonghua Wu, Hua Zhang, Lu Shao* and Hongyu Chen*",Nature Communications,2018,"9, 563",10.1038/s41467-018-02958-x
106,“Twisting Ultrathin Au Nanowires into Double Helices”,"Yan Lu, Shenghao Yang, Jun Xu, Zhenzhong Liu, Hong Wang, Ming Li,Yawen Wang*, Hongyu Chen*",Small,2018,"14(34), 1801925",10.1002/smll.201801925
105,“Synthesis of Substrate-bound Au nanowires via an Active Surface Growth Mechanism”,"Xinglong Wang*, Xuesong Wu*, Jiating He, Xiaolin Tao, Hongyan Li, Gui Zhao, Yawen Wang*, Hongyu Chen",Jove- Journal of Visualized Experiments,2018,"137, e57808",10.3791/57808
104,“Depletion Sphere: Explaining the Number of Ag Islands on Au Nanoparticles”,"Yuhua Feng, Yawen Wang‡, Xiaohui Song‡, Shuangxi Xing* and Hongyu Chen*",Chemical Science,2017,"8 (1), 430-436",10.1039/c6sc02276f
103,“Effect of Thiolated Ligands in Au Nanowire Synthesis”,"Yawen Wang*, Jiating He, Suzhu Yu, Hongyu Chen*",Small,2017,"13(40), 1702121",10.1002/smll.201702121
102,“Solution Growth of Ultralong Gold Nanohelices”,"ong Wang, Jiating He, Xiaoke Mu, Di Wang, Bowei Zhang, Youde Shen, Ming Lin, Christian Kübel, Yizhong Huang and Hongyu Chen*",ACS Nano,2017,"11(6), 5538−5546",10.1021/acsnano.7b00710
101,“Spirals and helices by asymmetric active surface growth”,"Jiating He, Yong Wang, Zhanxi Fan, Yawen Wang, Hua Zhang and Hongyu Chen*",Nanoscale,2017,"9(46), 18352-18358",10.1039/c7nr06574d
100,“Dual Stimuli-Responsive Vesicular Nanospheres Fabricated by Lipopolymer Hybrids for Tumor-Targeted Photodynamic Therapy”,"John Johnson V, Chung-Wook Chung, Renjith P Johnson, Young-Il Jeong, Kyu-Don Chung, Dae Hwan Kang, Hongsuk Suh, Hongyu Chen, Kim Il*",Biomacromolecules,2016,"17(1), 20-31",10.1021/acs.biomac.5b01474
99,“Phospholipid End‐Capped Acid‐Degradable Polyurethane Micelles for Intracellular Delivery of Cancer Therapeutics”,"Johnson V John, Reju George Thomas, Hye Ri Lee, Hongyu Chen, Yong Yeon Jeong*, Kim Il*",Advanced Healthcare Materials,2016,"5(15), 1874-1883",10.1002/adhm.201600126
98,“Size‐Induced Switching of Nanowire Growth Direction: a New Approach Toward Kinked Nanostructures”,"Youde Shen, Oleg I.Lebedev, Stuart Turner, Gustaaf Van Tendeloo, Xiaohui Song, Xuechao Yu, Qijie Wang, Hongyu Chen, Shadi A.Dayeh, Tom Wu*",Advanced Functional Materials,2016,"26(21), 3687-3695",10.1002/adfm.201600142
97,“Broadening the range of vesicle formation by heating”,"Songlin Liu, Cuicui Liu, Xiaohui Song, I Kim, Hongyu Chen*",RSC Advances,2016,"6(101), 98639-98645",10.1039/c6ra19913e
96,“NanoScrews: Asymmetrical Etching of Silver Nanowires”,"Rachel Lee Siew Tan, Wen Han Chong, Yuhua Feng, Xiaohui Song, Chu Long Tham, Jun Wei*, Ming Lin*, Hongyu Chen*",Journal of the American Chemical Society,2016,"138(34), 10770–10773",10.1021/jacs.6b06250
95,“Levelling the Playing Field: Screening for Synergistic Effects in Coalesced Bimetallic Nanoparticles”,"Rachel Lee Siew Tan, Xiaohui Song, Bo Chen, Wen Han Chong, Yin Fang, Hua Zhang, Jun Wei* and Hongyu Chen*",Nanoscale,2016,"8(6), 3447-3453",10.1039/c5nr07763j
94,“Exploiting Rayleigh Instability in Creating Parallel Au Nanowires with Exotic Arrangements”,"Yawen Wang, Jiating He, Suzhu Yu and Hongyu Chen*",Small,2016,"12(7), 930-938",10.1002/smll.201503211
93,"“Mesoporous Metal–Organic Frameworks with Size‐, Shape‐ and Space‐Distribution‐Controlled Pore Structure”","Weina Zhang, Yayuan Liu, Guang Lu, Yong Wang, Shaozhou Li, Chenlong Cui, Jin Wu, Zhiling Xu, Danbi Tian, Wei Huang, Joseph S.DuCheneu, W. David Wei, Hongyu Chen, Yanhui Yang, Fengwei Huo*",Advanced Materials,2015,"27(18), 2923-2929",10.1002/adma.201405752
92,.“Ultrathin MoS2 Nanosheets Supported on N‐doped Carbon Nanoboxes with Enhanced Lithium Storage and Electrocatalytic Properties”,"XinYao Yu, Han Hu, Yawen Wang, Hongyu Chen, Xiong Wen Lou*",Angewandte Chemie International Edition,2015,"54(25),7395-7398",10.1002/anie.201502117
91,“Achieving Site-Specificity in Multistep Colloidal Synthesis”,"Yuhua Feng, Yawen Wang, Jiating He, Xiaohui Song, Yee-Yan Tay, Huey Hoon Hng, Xing Yi Ling and Hongyu Chen*",Journal of the American Chemical Society,2015,"137(24), 7624–7627",10.1021/jacs.5b04310
90,“Thermodynamics versus Kinetics in Nanosynthesis”,"Yawen Wang, Jiating He, Cuicui Liu, Wen Han Chong and Hongyu Chen*",Angewandte Chemie-International Edition,2015,"54(7), 2022-2051",10.1002/anie.201402986
89,“On the Origin and Underappreciated Effects of Ion Doping in Silica”,"Xiaohui Song, Tao Ding, Lin Yao, Ming Lin, Rachel Lee Siew Tan, Cuicui Liu, Katarzyna Sokol, Le Yu, Xiongwen (David) Lou and Hongyu Chen*",Small,2015,"11(34), 4351-4365",10.1002/smll.201500539
88,“Using Polystyrene-block-poly(acrylic acid)-coated Metal Nanoparticles as Monomers for Their Homo- and Co-polymerization”,"Yawen Wang, Xiaohui Song, Hong Wang, Hongyu Chen*",Jove- Journal of Visualized Experiments,2015,"101, e52594(an invited paper)",10.3791/52954
,,,,,,
87,“Substrate-bound growth of Au-Pd diblock nanowire and hybrid nanorod-plate”,"Jiating He, Yawen Wang, Zhanxi Fan, Zhenhui Lam, Hua Zhang, Bin Liu, Hongyu Chen*",Nanoscale,2015,"7(17), 8115-8121",10.1039/c5nr00361j
86,“Encapsulation of Au Nanoparticles by Poly(4-Vinylpyridine)-Block- Poly(4-Vinylpyridine) for Controlled Chain Assembly”,"Cuicui Liu, Jun Xu, Hongyu Chen*",Journal of Inorganic and Organometallic Polymers and Materials,2015,"25(1), 153-158(an invited article)",10.1007/s10904-014-0126-9
85,“Understanding the Phase Emergence of Mesoporous Silica”,"Lin Yao, Cuicui Liu, Wen Han Chong, Hong Wang, Liyong Chen and Hongyu Chen*",Small,2015,"11(2), 232-238",10.1002/smll.201303690
84,“Periodic AuAg-Ag2S Heterostructured Nanowires”,"Xun Hong, Zongyou Yin, Zhanxi Fan, Yee-Yan Yee-YanTay, Junze Chen, Yaping Du, Can Xue, Hongyu Chen, Hua Zhang*",Small,2014,"10(3), 479-482",10.1002/smll.201302304
83,"“General Formation of MS (M = Ni, Cu, Mn) Box-in-Box Hollow Structures with Enhanced Pseudocapacitive Properties”","Xin-Yao Yu, Le Yu, Laifa Shen, Xiaohui Song, Hongyu Chen, Xiong Wen Lou*",Advanced Functional Materials,2014,"24(47), 7440-7446",10.1002/adfm.201402560
82,“Designable Yolk-Shell Nanoparticle@MOF Petalous Heterostructures”,"Yayuan Liu, Weina Zhang, Shaozhou Li, Chenlong Cui, Jin Wu, Hongyu Chen, Fengwei Huo*",Chemistry of Materials,2014,"26(2), 1119-1125",10.1021/cm4034319
81,“Chiral Gold Nanowires with Boerdijk-Coxeter-Bernal Structure”,"Yihan Zhu*, Jiating He, Cheng Shang, Xiaohe Miao, Jianfeng Huang, Zhipan Liu, Hongyu Chen* and Yu Han*",Journal of the American Chemical Society,2014,"136(36), 12746-12752",10.1021/ja506554j
80,“Homo- and Co-polymerization of Polysytrene-block-Poly(acrylic acid)-Coated Metal Nanoparticles”,"Hong Wang, Xiaohui Song (co-1st author), Cuicui Liu, Jiating He, Wen Han Chong and Hongyu Chen*",ACS Nano,2014,"8(8), 8063–8073",10.1021/nn502084a
79,“Strategy for Nano-Catalysis in a Fixed-Bed System”,"Jiating He, Weijie Ji, Lin Yao, Yawen Wang, Bahareh Khezri, Richard D. Webster and Hongyu Chen*",Advanced Materials,2014,"26(24), 4151-4155",10.1002/adma.201306157
78,“Bridging the Gap in the Micellar Transformation from Cylinders to Vesicles”,"Cuicui Liu, Lin Yao, Hong Wang, Zai Rong Phua, Xiaohui Song and Hongyu Chen*",Small,2014,"10(7), 1332-1340",10.1002/smll.201302837
77,“Graphene-Based Materials for Solar Cell Applications”,"Zongyou Yin, Jixin Zhu, Qiyuan He, Xiehong Cao, Chaoliang Tan, Hongyu Chen, Qingyu Yan and Hua Zhang*",Advanced Energy Materials,2014,"4(1), 1300574",10.1002/aenm.201300574
76,“Photoluminescence via gap plasmons between single silver nanowires and a thin gold film”,"Hailong Hu, Yuriy A Akimov, Huigao Duan, Xianglin Li, Mingyi Liao, Rachel Lee Siew Tan, Lin Wu, Hongyu Chen, Hongjin Fan, Ping Bai, Pooi See Lee, Joel K. W.Yang*, Ze Xiang Shen*",Nanoscale,2013,"5(24), 12086-12091",10.1039/c3nr03624c
75,“Three-Dimensional  Plasmonic Nanoclusters”,"Alexander Urban, Xiaoshuang Shen (co-1st author), Yumin Wang, Nicolas Large, Wang Hong, Mark W. Knight, Peter Nordlander*, Hongyu Chen* and Naomi J. Halas*",Nano Letters,2013,"13(9), 4399-4403",10.1021/nl402231z
74,“Investigating the Multiple Roles of Polyvinylpyrrolidone for A General Methodology of Oxide Encapsulation”,"Hang Sun, Jiating He, Jiangyan Wang, Shuangyuan Zhang, Cuicui Liu, Thirumany Sritharan, Subodh Mhaisalkar, Ming-Yong Han, Dan Wang* and Hongyu Chen*",Journal of the American Chemical Society,2013,"135(24), 9099-9110",10.1021/ja4035335
73,“Stirring in Suspension: Nanometer-sized Magnetic Stir Bars”,"Wen Han Chong, Lip Ket Chin, Rachel Lee Siew Tan, Hong Wang, Ai-Qun Liu and Hongyu Chen*",Angewandte Chemie-International Edition,2013,"52(33), 8570-8573",10.1002/anie.201303249
72,“Preservation of Lattice Orientation in Coalescing Imperfectly Aligned Gold Nanowires by a Zipper Mechanism”,"Jun Xu, Yawen Wang, Xiaoying Qi, Cuicui Liu, Jiating He, Hua Zhang and Hongyu Chen*",Angewandte Chemie-International Edition,2013,"52(23), 6019-6023",10.1002/anie.201301271
71,“Density‐Controlled Synthesis of Uniform ZnO Nanowires: Wide‐Range Tunability and Growth Regime Transition”,"Dong Lai Guo, Li Huey Tan, Zhi Peng Wei, Hongyu Chen* and Tom Wu*,",Small,2013,"9(12), 2069-2075",10.1002/smll.201201369
70,“Exploiting Core–Shell Synergy for Nanosynthesis and Mechanistic Investigation”,"Hong Wang, Liyong Chen, and Hongyu Chen*",Accounts of Chemical Research,2013,"46(7), 1636-1646",10.1021/ar400020j
69,“Emerging Chirality in Nanoscience”,"Yong Wang, Jun Xu, Yawen Wang and Hongyu Chen*",Chemical Society Reviews,2013,"42(7), 2930-2962",10.1039/c2cs35332f
68,“Forest of Gold Nanowires: A New Type of Nanocrystal Growth”,"Jiating He, awen Wang (co-1st author), Yuhua Feng, Xiaoying Qi, Zhiyuan Zeng, Qing Liu, Wei Shan Teo, Chee Lip Gan, Hua Zhang and Hongyu Chen*",ACS Nano,2013,"7(3), 2733-2740",10.1021/nn4001885
67,“General Methodology of Using Oil-in-Water and Water-in-Oil Emulsions for Coiling Nanofilaments”,"Liyong Chen, Suzhu Yu, Hong Wang, Jun Xu, Cuicui Liu, Wen Han Chong and Hongyu Chen*",Journal of the American Chemical Society,2013,"135(2), 835-843",10.1021/ja310405d
66,“Functional Free-Standing Graphene Honeycomb Films”,"Shengyan Yin, Yulia Goldovsky, Moshe Herzberg, Lei Liu, Hang Sun, Yanyan Zhang, Fanben Meng, Xuebo Cao, Darren D. Sun, Hongyu Chen, Ariel Kushmaro, Xiaodong Chen*",Advanced Functional Materials,2013,"23(23), 2972-2978",10.1002/adfm.201203491
65,“Facile and efficient preparation of anisotropic DNA-functionalized gold nanoparticles and their regioselective assembly”,"Li Huey Tan, Hang Xing, Hongyu Chen and Yi Lu*",Journal of the American Chemical Society,2013,"135(47), 17675-17678",10.1021/ja408033e
64,“Nanocomposites of Graphene Oxide and Upconversion Rare-Earth Nanocrystals with Superior Optical Limiting Performance”,"Wei Wei, Tingchao He, Xue Teng, Shixin Wu,Lin M, Hua Zhang, Jan Ma, Yanhui Yang, Hongyu Chen, Yu Han, Handong Sun*, Ling Huang*",Small,2012,"8(14), 2271-2276",10.1002/smll.201200065
63,“Induced Coiling Action: Exploring the Intrinsic Defects in Five-Fold Twinned Silver Nanowires”,"Liangfang Zhu, Xiaoshuang Shen, Zhiyuan Zeng, Hong Wang, Hua Zhang and Hongyu Chen*",ACS Nano,2012,"6(7), 6033–6039",“Induced Coiling Action: Exploring the Intrinsic Defects in Five-Fold Twinned Silver Nanowires”
62,“Unconventional Chain Growth Mode in the Assembly of Colloidal Gold Nanoparticles”,"Hong Wang, Liyong Chen, Xiaoshuang Shen, Liangfang Zhu, Jiating He and Hongyu Chen*",Angewandte Chemie-International Edition,2012,"51(32), 8021-8025.( Highlighted as the back cover.)",10.1002/anie.201203088
,,,,,,
61,.“Measuring the Unusually Slow Ionic Diffusion in Polyaniline via Study of Yolk-Shell Nanostructures”,"Hang Sun, Xiaoshuang Shen, Lin Yao, Shuangxi Xing, Hong Wang, Yuhua Feng and Hongyu Chen*",Journal of the American Chemical Society,2012,"134(27), 11243-11250",10.1021/ja3036674
60,“An Unconventional Role of Ligand in Continuously Tuning of Metal-Metal Interfacial Strain”,"Yuhua Feng, Jiating He, Hong Wang, Yee Yan Tay, Hang Sun, Liangfang Zhu and Hongyu Chen*",Journal of the American Chemical Society,2012,"134(4), 2004–2007",10.1021/ja211086y
59,“Developing Mutually Encapsulating Materials for Versatile Syntheses of Multilayer Metal-Silica-Polymer Hybrid Nanostructures”,"Liangfang Zhu, Hong Wang, Xiaoshuang Shen, Liyong Chen, Yawen Wang, and Hongyu Chen*",Small,2012,"8(12), 1857-1862",10.1002/smll.201102670
58,“Seeded growth of two-dimensional dendritic gold nanostructures”,"Ming Pan, Hang Sun, Jun Wei Lim, Saidur Rahman Bakaul, Yi Zeng, Shuangxi Xing, Tom Wu, Qingyu Yan and Hongyu Chen*",Chemical Communications,2012,"48(10), 1440-1442, Special Issue: Emerging Investigators 2012",10.1039/c1cc14721h
57,“Engineering "Hot" Nanoparticles of Surface-Enhanced Raman Scattering by Embedding Reporter Molecules in Metal Layers”,"Yuhua Feng, Yong Wang, Hong Wang, Tao Chen, Yee Yan Tay, Lin Yao, Qingyu Yan, Shuzhou Li* and Hongyu Chen*",Small,2012,"8(2), 246-251",10.1002/smll.201102215
56,“Experimental and theoretical studies on pyrene-grafted polyoxometalate hybrid”,"Junkuo Gao, Xinfeng Liu, Yi Liu, Lingling Yu, Yuhua Feng, Hongyu Chen, Yongxin Li, Ganguly Rakesh, Cheng Hon Alfred Huan, Tze Chien Sum, Yang Zhao, and Qichun Zhang*",Dalton Transactions,2012,"41(39), 12185-12191",10.1039/c2dt31474f
55,“The Effect of Surface Coating on Energy Migration-Mediated Upconversion”,"Qianqian Su, Sanyang Han, Xiaoji Xie, Haomiao Zhu, Hongyu Chen, Chih-Kai Chen, Ru-Shi Liu, Xueyuan Chen, Feng Wang* and Xiaogang Liu*",Journal of the American Chemical Society,2012,"134(51), 20849-20857",10.1021/ja3111048
54,“Metal-layer- assisted coalescence of Au nanoparticles and its effect on diameter control in vapor-liquid-solid growth of oxide nanowires”,"Dong Lai Guo, Xiao Huang, Guo Zhong Xing, Zhou Zhang, Gong Ping Li, Mi He, Hua Zhang, Hongyu Chen and Tom Wu*",Physical Review B,2011,"83(4), 045403",10.1103/PhysRevB.83.045403
53,“Chiral Transformation: from Single Nanowire to Double Helix”,"Yong Wang, Qingxiao Wang, Hang Sun, Weiqing Zhang, Gang Chen, Yawen Wang, Xiaoshuang Shen, Yu Han, Xianmao Lu and Hongyu Chen*",Journal of the American Chemical Society,2011,"133(50), 20060-20063",10.1021/ja208121c
52,“Revisiting Stöber Method: Inhomogeneity in Silica Shells”,"Yi Jian Wong, Liangfang Zhu, Wei Shan Teo, Yan Wen Tan, Yanhui Yang, Chuan Wang* and Hongyu Chen*",Journal of the American Chemical Society,2011,"133(30), 11422–11425",10.1021/ja203316q
51,“Triple-layer (Au@Perylene)@Polyaniline Nanocomposite: Unconventional Growth of Faceted Organic Nanocrystal on Polycrystalline Au”,"Melinda Sindoro, Yuhua Feng, Shuangxi Xing, Hai Li, Jun Xu, Hailong Hu, Cuicui Liu, Yawen Wang, Hua Zhang, Zexian Shen and Hongyu Chen*",Angewandte Chemie-International Edition,2011,"50(42), 9898-9902",10.1002/anie.201102994
50,“Controlling Reversible Elastic Deformation of Carbon Nanotube Rings”,"Liyong Chen, Hong Wang, Jun Xu, Xiaoshuang Shen, Lin Yao, Liangfang Zhu and Hongyu Chen*",Journal of the American Chemical Society,2011,"133(25), 9654-9657",10.1021/ja2022976
49,“Assembly of Colloidal Nanoparticles Directed by the Microstructures of Polycrystalline Ice”,"Xiaoshuang Shen, Liyong Chen, Liangfang Zhu, Hong Wang, Cuicui Liu, Yong Wang, Qihua Xiong and Hongyu Chen*",ACS Nano,2011,"5(10), 8426-8433",10.1021/nn203399z
48,“One-step synthesis of composite vesicles: Direct polymerization and in situ over-oxidation of thiophene”,"Hang Sun, Jiating He, Shuangxi Xing, Liangfang Zhu, Yi Jian Wong, Yawen Wang, Hongju Zhai and Hongyu Chen*",Chemical Science,2011,"2(11), 2109-2114",10.1039/c1sc00267h
47,“Toroidal Micelles of Polystyrene- block -Poly(acrylic acid)”,"Cuicui Liu, Gang Chen, Hang Sun, Jun Xu, Yuhua Feng, Zhou Zhang, Tom Wu and Hongyu Chen*",Small,2011,"7(19), 2721-2726",10.1002/smll.201100443
46,“Controlled Synthesis of Ag/Ag/C Hybrid Nanostructures and their Surface-Enhanced Raman Scattering Properties”,"Xiaojun Zhang, Ziyang Lu, Daohao Sim, Shuzhou Li, Yuhua Feng, Jan Ma, Hongyu Chen, Freddy Boey, Huey Hoon Hng*, Qingyu Yan*",Chemistry - A European Journal,2011,"17(48), 13386–13390",10.1002/chem.201102707
45,“A symmetry-adapted shell transformation of core-shell nanoparticles for binary nanoassembly”,"Shuangxi Xing*, Jiating He, Xianchun Liu and Hongyu Chen",Chemical Communications,2011,"47(46), 12533-12535",10.1039/c1cc14851f
44,“Direct growth of highly branched crystalline Au nanostructures on an electrode surface: their surface enhanced Raman scattering and electrocatalytic applications”,"Hailan Chen, Palanisamy Kannan, Longhua Guo, Hongyu Chen, and Dong-Hwan Kim*",Journal of Materials Chemistry,2011,"21(45), 18271-18278",10.1039/c1jm12080h
43,“Planar Macrocyclic Fluoropentamers as Supramolecular Organogelators”,"Changliang Ren, Shengyu Xu, Jun Xu, Hongyu Chen and Huaqiang Zeng*",Organic Letters,2011,"13(15), 3840-3843",10.1021/ol201361f
42,“Site-Selective Localization of Analytes on Gold Nanorod Surface for Investigating Field Enhancement Distribution in Surface-Enhanced Raman Scattering”,"Tao Chen*, Chaolin Du* Li Huey Tan, Zexiang Shen and Hongyu Chen",Nanoscale,2011,"3(4), 1575-1581",10.1039/c0nr00845a
41,“Development of Polymer-Encapsulated Metal Nanoparticles as Surface-Enhanced Raman Scattering Probes”,"Miaoxin Yang, Tao Chen, Wei Siang Lau, Yong Wang, Qinghu Tang, Yanhui Yang and Hongyu Chen*",Small,2011,"7(17), 2412-2412 (Cover page of Jan 19th issue, and winner of the 2009 Cover of the Year competition in Small)",10.1002/smll.201190063
40,“A systems approach towards the stoichiometry-controlled hetero-assembly of nanoparticles”,"Yong Wang, Gang Chen, Miaoxin Yang, Georg Silber, Shuangxi Xing, Li Huey Tan, Feng Wang, Yuhua Feng, Xiaogang Liu, Shuzhou Li and Hongyu Chen*",Nature Communications,2010,"1, 87",10.1038/ncomms1089
39,“Mechanical Nano-Springs: Induced Coiling and Uncoiling of Ultrathin Au Nanowires”,"Jun Xu, Hong Wang, Cuicui Liu, Yaimei Yang, Tao Chen, Yawen Wang, Feng Wang, Xiaogang Liu, Bengang Xing* and Hongyu Chen*",Journal of the American Chemical Society,2010,"132(34), 11920-11922. (Highlighted in RSC Chemistry World, ACS Noteworth Chemistry, and Nature Asia.)",10.1021/ja105433d
,,,,,,
38,“Scalable Routes to Janus Au-SiO2 and Ternary Ag-Au-SiO2 Nanoparticles”,"Tao Chen, Gang Chen, Shuangxi Xing, Tom Wu and Hongyu Chen*",Chemistry of Materials,2010,"22(13), 3826-3828",10.1021/cm101155v
37,“3D Gold Dendrimers: Seeded Growth of Multi-Generation Fractal Architecture”,"Ming Pan, Shuangxi Xing, Ting Sun, Wenwen Zhou, Melinda Sindoro, Hui Hian Teo, Qingyu Yan and Hongyu Chen*",Chemical Communications,2010,"46(38), 7112-7114 (Highlighted on the inside cover)",10.1039/c0cc00820f
,,,,,,
,,,,,,
,,,,,,
36,“Mechanistic Investigation in the Spontaneous Linear Assembly of Gold Nanospheres”,"Miaoxin Yang, Gang Chen, Yunfeng Zhao, Georg Silber, Yong Wang, Shuangxi Xing, Yu Han* and Hongyu Chen*",Physical Chemistry Chemical Physics,2010,"12(38), 11850-11860 (an invited paper to a themed issue on Supraparticle Physical Chemistry).",10.1039/c0cp00127a
,,,,,,
35,“Probing the Kinetics of Drug Release from Nanocarriers to Nanoacceptors”,"Hong Wang, Jun Xu, Jinghao Wang, Tao Chen, Yong Wang, Yan Wen Tan, Haibin Su, Khai Leok Chan and Hongyu Chen*",Angewandte Chemie-International Edition,2010,"49(45), 8426-8430",10.1002/anie.201001065
34,“Reducing the Symmetry of Bimetallic Au@Ag Nanoparticles by Exploiting Eccentric Polymer Shells”,"Shuangxi Xing, Yuahua Feng, Yee Yan Tay, Tao Chen, Jun Xu, Ming Pan, Huey Hoon Hng, Qingyu Yan and Hongyu Chen*",Journal of the American Chemical Society,2010,"132(28), 9537-9539",10.1021/ja102591z
33,“Hotspot-Induced Transformation of Surface-Enhanced Raman Scattering Fingerprints”,"Tao Chen, Hong Wang, Gang Chen, Yong Wang, Yuhua Feng, Wei Shan Teo, Tom Wu and Hongyu Chen*",ACS Nano,2010,"4(6), 3087-3094",10.1021/nn100269v
32,“Measuring the Ensemble-Averaged SERS Enhancement from Hot-Spots of Nanoparticle Dimers and Trimers”,"Gang Chen, Yong Wang, Miaoxin Yang, Jun Xu, Sook Jin Goh, Ming Pan, and Hongyu Chen*",Journal of the American Chemical Society,2010,"132(11), 3644-3645",10.1021/ja9090885
31,“Simultaneous phase and size control of upconversion nanocrystals through lanthanide doping”,"Feng Wang, Yu Han, Chin Seong Lim, Yunhao Lu, Juan Wang, Jun Xu, Hongyu Chen, Chun Zhang, Minghui Hong and Xiaogang Liu*",Nature,2010,"463(7284), 1061-1065",10.1038/nature08777
30,“Tunable Upconversion Emissions from Lanthanide-doped Monodisperse beta-NaYF4 Nanoparticles”,"Feng Wang, Juan Wang, Jun Xu, Xuejia Xue, Hongyu Chen and Xiaogang Liu*",Spectroscopy Letters,2010,"43(5), 400-405(Special edition: Spectroscopy of Lanthanide Materials II)",10.1080/00387010.2010.487018
29,“Hydrazine-hydrothermal method to synthesize three-dimensional chalcogenide framework for photocatalytic hydrogen generation”,"Yi Liu, Pushkar D. Kanhere, Chui Ling Wong, Yuefeng Tian, Yuhua Feng, Freddy Boey, Tom Wu, Hongyu Chen, Tim J. White, Zhong Chen and Qichun Zhang*",Journal of Solid State Chemistry,2010,"183(11), 2644-2649",10.1016/j.jssc.2010.09.013
28,“Lanthanide-doped LiYF4 Nanoparticles: Synthesis and Multicolor Upconversion Tuning”,"Juan Wang, Feng Wang, Jun Xu, Yong Wang, Yongsheng Liu, Xueyuan Chen, Hongyu Chen, Xiaogang Liu*",Comptes Rendus Chimie,2010,"13(6-7), 731-736",10.1016/j.crci.2010.03.021
27,“Generation of dual patterns of metal oxide nanomaterials based on seed-mediated selective growth”,"Zongyou Yin, Qiyuan He, Xiao Huang, Gang Lu, Huey Hoon Hng, Hongyu Chen, Can Xue, Qingyu Yan, Freddy Boey, Qichun Zhang, Hua Zhang*",Langmuir,2010,"26(7), 4616-4619",10.1021/la100345b
26,“High-Purity Separation of Gold Nanoparticle Dimers and Trimers”,"Gang Chen, Yong Wang, Li Huey Tan, Miaoxin Yang, Lee Siew Tan, Yuan Chen and Hongyu Chen*",Journal of the American Chemical Society,2009,"131(12), 4218-4219",10.1021/ja900809z
25,“Fabrication of Polymer Nanocavities with Tailored Openings”,"Li Huey Tan, Shuangxi Xing, Tao Chen, Gang Chen, Xiao Huang, Hua Zhang and Hongyu Chen*",ACS Nano,2009,"3(11), 3469-3474",10.1021/nn900917z
24,“Facile Fabrication of Triple-layer (Au@Ag)@Polypyrrole Core-Shell and (Au@H2O)@Polypyrrole Yolk-Shell Nanostructures”,"Shuangxi Xing, Li Huey Tan, Tao Chen, Yanhui Yang and Hongyu Chen*",Chemical Communications,2009,"13, 1653-1654",10.1039/b821125f
23,“Highly Controlled Core/Shell Structures: Tunable Conductive Polymer Shells on Gold Nanoparticles and Nanochains”,"Shuangxi Xing, Li Huey Tan, Miaoxin Yang, Ming Pan, Yunbo Lv, Qinghu Tang, Yanhui Yang and Hongyu Chen*",Journal of Materials Chemistry,2009,"19(20), 3286-3291",10.1039/b900993k
22,“Probing the Kinetics of Ligand Exchange on Colloidal Gold Nanoparticles by Surface-Enhanced Raman Scattering”,"Yuhua Feng, Shuangsi Xing, Jun Xu, Hong Wang, Jun Wei Lim and Hongyu Chen*",Dalton Transactions,2009,"39(2), 349-351(A theme issue “showcasing the strength of research being carried out by tomorrow's leaders in the field of inorganic chemistry”)",10.1039/b912317b
21,"“Fabrication of Core/Shell Structure of M@C (M=Se, Au, Ag2Se) and Transformation to Yolk/Shell Structure by Electron Beam Irradiation or Vacuum Annealing”","Jixin Zhu, Ting Sun, Huey Hoon Hng, Jan Ma, Freddy Yin Chiang Boey, Xiong Wen Lou, Hua Zhang, Can Xue, Hongyu Chen and Qingyu Yan*",Chemistry of Materials,2009,"21(16), 3848-3852",10.1021/cm9013943
20,“Polymer-encapsulated Silver Nanoparticle Monomer and Dimer for Surface-enhanced Raman Scattering”,"Chaoling Du, Miaoxin Yang, Yumeng You, Tao Chen, Hongyu Chen and Zexiang Shen*",Chemical Physics Letters,2009,"473(4-6), 317-320",10.1016/j.cplett.2009.03.086
19,"“Self-assembled Shape- and Orientation- Controlled Synthesis of Nanoscale Cu3Si Triangles, Squares, and Wires”","Zhou Zhang, Lai Mun Wong, Hock Guan Ong, Xin Jiao Wang, Jun Ling Wang, Shi Jie Wang, Hongyu Chen* and Tom Wu*",Nano Letters,2008,"8(10), 3205-3210. (Highlighted by Nature Asia)",10.1021/nl8015208
18,“Controlled Assembly of Eccentrically Encapsulated Gold Nanoparticles”,"Tao Chen, Miaoxin Yang, Xinjiao Wang, Li Huey Tan and Hongyu Chen*",Journal of the American Chemical Society,2008,"130(36), 11858-11859",10.1021/ja8040288
17,“Polymer-Encapsulated Gold-Nanoparticle Dimers: Facile Preparation and Catalytical Application in Guided Growth of Dimeric ZnO-Nanowires”,"Xinjiao Wang, Gongping Li, Tao Chen, Miaoxin Yang, Zhou Zhang, Tom Wu* and Hongyu Chen*",Nano Letters,2008,"8(9), 2643-2647",10.1021/nl080820q
16,“Encapsulation of Single Small Gold Nanoparticles by Diblock Copolymers”,"Hongyu Chen*, Sinoj Abraham, Juana Mendenhall, Soazig C. Delamarre, Kahli Smith, Il Kim and Carl A. Batt",ChemPhysChem,2008,"9(3), 388-392",10.1002/cphc.200700598
15,“ Tailoring the photoluminescence of ZnO nanowires using Au nanoparticles”,"Tao Chen, Guozhong Xing, Zhou Zhang, Hongyu Chen and Tom Wu*",Nanotechnology,2008,"19(43), 435711",10.1088/0957-4484/19/43/435711
14,“Tunable wettability in surface-modified ZnO-based hierarchical nanostructures”,"Gongping Li, Tao Chen, Bin Yan, Yun Ma, Zhou Zhang, Tom Yu, Zexiang Shen, Hongyu Chen and Tom Wu*",Applied Physics Letters,2008,"92(17), 173104",10.1063/1.2918447
13,“Ir(III)-Induced C-Bound to N-Bound Tautomerization of a N-Heterocyclic Carbene”,"Xinjiao Wang, Hongyu Chen and Xingwei Li*",Organometallics,2007,"26(18), 4684-4687",10.1021/om700498w
12,“Near-Infrared Fluorescence Imaging with Water-Soluble Lead Salt Quantum Dots”,"Byung-Ryool Hyun*, Hongyu Chen, Diego A. Rey, Frank W. Wise, and Carl A. Batt",Journal of Physical Chemistry B,2007,"111(20), 5726-5730",10.1021/jp068455j
,,,,,,
11,“Homogeneous Catalytic Water-Oxidation by [(terpy)2Mn2III/IV(µ-O)2(H2O)2](NO3)3 in the presence of Ce4+”,"Ranitendranath Tagore, Hongyu Chen, Hong Zhang, Robert H. Crabtree and Gary W. Brudvig*",Inorganica Chimica Acta,2007,"360(9), 2983-2989",10.1016/j.ica.2007.02.020
10,“Speciation of the Catalytic Oxygen Evolution System: [MnIII/IV2O2(terpy)2­(H2O)2](NO3)3 + HSO5-”,"Hongyu Chen, Ranitendranath Tagore, Gerald Olack, John S. Vrettos, Tsu-Chien Weng, James Penner-Hahn, Robert H. Crabtree* and Gary W. Brudvig*",Inorganic Chemistry,2007,"46(1), 34-43",10.1021/ic060499j
9,“Determination of Ligand Exchange Rates in di-m-oxo di-Manganese Complexes by Electrospray Ionization Mass Spectroscopy”,"Ranitendranath Tagore, Hongyu Chen, Robert H. Crabtree* and Gary W. Brudvig*",Journal of the American Chemical Society,2007,"128(29), 9457-9465",10.1021/ja061348i
8,“A multifrequency high-field EPR (9-285 G Hz) investigation of a series of dichloride mononuclear penta-coordinated Mn(II) complexes”,"Carole Duboc*, Vincent. Asiter-Perret, Hongyu Chen, Jacques Pécaut, Robert H. Crabtree, Gary W. Brudvig, Marie N. Collomb",Inorganic Chimica Acta,2006,"359(5), 1541-1548",10.1016/j.ica.2005.10.027
7,“Dendrimer-Scaffold-Based Electron-Beam Patterning of Biomolecules”,"Parijat Bhatnagar, Sonny S. Mark, Il Kim, Hongyu Chen, Brad Schmidt, Michal Lipson, Carl A. Batt*",Advanced Materials,2006,"18(3), 315-319",10.1002/adma.200501170
6,"“New Linear High-Valent Tetranuclear Manganese-Oxo Cluster Relevant to the Oxygen-Evolving Complex of Photosystem II with Oxo, Hydroxo and Aqua Coordinated to a Single Mn(IV)”","Hongyu Chen, Marie N. Collomb, Carole Duboc, Genevieve Blondin, Eric. Rivière, J. W. Faller, Robert H. Crabtree* and Gary W. Brudvig*",Inorganic Chemistry,2005,"44(25), 9567-9573",10.1021/ic051462m
5,“General Synthesis of Di-μ-oxo Dimanganese Complexes as Functional Models for the Oxygen Evolving Complex of Photosystem II”,"Hongyu Chen, Ranitendranath Tagore, Siddhartha Das, Christopher Incarvito, J. W. Faller, Robert H. Crabtree* and Gary W. Brudvig*",Inorganic Chemistry,2005,"44(21), 7661-7670",10.1021/ic0509940
4,“High‐Spin Chloro Mononuclear MnIII Complexes: A Multifrequency High‐Field EPR Study”,"Claire Mantel, Hongyu Chen, Robert H. Crabtree, Gary W. Brudvig, Jacques Pécaut, Marie N. Collomb* and Carole Duboc*",ChemPhysChem,2005,"6(3), 541-546",10.1002/cphc.200400484
3,“Dimer-of-Dimers Model for the Oxygen-Evolving Complex of Photosystem II. Synthesis and Properties of [MnIV4O5(terpy)4(H2O)2](ClO4)6”,"Hongyu Chen, J. W. Faller, Robert H. Crabtree* and Gary W. Brudvig*",Journal of the American Chemical Society,2004,"126(23), 7345-7349",10.1021/ja037389l
2,"“Electrochemical properties of [MnIII(terpy)(N3)3] (terpy=2,2':6',2''-terpyridine) in CH3CN ¾¾ Electrogeneration of dimanganese(II) di-m-azido and dimanganese(IV) di-m-oxo complexes”","Carole Baffert, Hongyu Chen, Robert H. Crabtree, Gary W. Brudvig* and Marie N. Collomb*",Journal of Electroanalytical Chemistry,2001,"506(2), 99-105",10.1016/S0022-0728(01)00488-0
1,"“Characterization of the O2-evolving reaction catalyzed by [(terpy)(H2O)MnIII(m-O)2MnIV(OH2)(terpy)](NO3)3 (terpy = 2,2':6,2''-terpyridine)”","Julian Limburg, John S. Vrettos, Hongyu Chen, Julio C. de Paula, Robert H. Crabtree* and Gary W. Brudvig*",Journal of the American Chemical Society,2001,"123(3), 423-430",10.1021/ja001090a
